{
    "[-18.098, 96.92, 19.0]": [
        -62.0171077630377,
        1816.0752677630376
    ],
    "[39.591, -79.303, 57.614]": "no solutions",
    "[3.817, 96.467, 30.734]": [
        -4.701819525499253,
        -363.5127194745008
    ],
    "[-2.878, -67.128, -40.834]": [
        -188.01716184968927,
        -5.177222150310731
    ],
    "[30.56, -66.829, 75.074]": "no solutions",
    "[30.131, 25.018, 95.945]": "no solutions",
    "[-23.298, -97.667, -64.085]": [
        -1833.4162964897916,
        -442.0294695102082
    ],
    "[39.268, -35.492, 93.569]": "no solutions",
    "[-88.472, 19.364, 35.563]": [
        -4179.383689064318,
        5892.555497064318
    ],
    "[-82.514, 72.241, -77.974]": "no solutions",
    "[84.837, -70.743, -45.915]": [
        9086.903773924969,
        -3085.2798829249687
    ],
    "[99.986, 13.309, -76.088]": [
        8080.9993891268705,
        -9411.71306312687
    ],
    "[93.691, -38.074, -64.45]": [
        9279.339509887861,
        -5712.148375887862
    ],
    "[42.315, 94.332, -4.971]": [
        92.2259930221495,
        -4083.884573022149
    ],
    "[17.175, -66.93, 53.855]": [
        814.5643564444039,
        334.9583935555963
    ],
    "[36.659, 51.502, 51.059]": "no solutions",
    "[62.525, -75.071, -36.354]": [
        6140.864997049622,
        -1447.0507220496222
    ],
    "[15.603, -84.318, -67.66]": [
        1488.3028818832938,
        -172.68912788329388
    ],
    "[80.42, 71.1, 17.572]": "no solutions",
    "[-35.84, -44.857, -69.706]": "no solutions",
    "[-54.748, 67.542, 48.326]": [
        -1519.8793651710102,
        5217.66878117101
    ],
    "[-67.515, -93.808, -39.728]": "no solutions",
    "[55.743, 48.775, 59.579]": "no solutions",
    "[58.607, -47.629, -36.923]": [
        4458.480878920751,
        -1667.0880759207505
    ],
    "[27.781, 61.513, -88.461]": [
        766.2833403811309,
        -2475.1759933811304
    ],
    "[-9.409, -48.123, -36.835]": [
        -369.8241321012462,
        -82.9651748987538
    ],
    "[-89.894, -12.401, 62.259]": [
        -7305.521872113976,
        6190.746378113975
    ],
    "[86.0, 84.405, 12.799]": [
        -1386.2537266571758,
        -5872.576273342824
    ],
    "[-44.851, -3.569, 32.377]": [
        -1791.045102764626,
        1630.971883764626
    ],
    "[-21.991, 33.081, -1.518]": [
        22.91299025567238,
        704.5712807443276
    ],
    "[10.991, -28.072, -64.015]": [
        484.10923092568356,
        -175.56987892568358
    ],
    "[13.193, -63.502, -27.206]": [
        906.6850147909352,
        -68.90312879093514
    ],
    "[47.774, 6.336, 16.692]": "no solutions",
    "[72.959, 79.85, -76.102]": [
        3254.7722863292747,
        -9080.548436329274
    ],
    "[-91.487, 92.987, 47.304]": [
        -3116.3199195486714,
        11623.42158854867
    ],
    "[-66.165, 2.306, 95.14]": [
        -5173.839885953848,
        5326.41637595385
    ],
    "[-69.6, 31.523, 83.995]": [
        -4336.4718907106235,
        6530.472690710623
    ],
    "[5.024, -95.297, -16.169]": [
        483.01704881328754,
        -4.244920813287552
    ],
    "[54.713, 84.781, -27.306]": [
        819.3973128764468,
        -5458.020165876447
    ],
    "[29.922, 76.466, -52.054]": [
        500.1569502724867,
        -2788.1726022724865
    ],
    "[54.624, -78.572, 49.641]": "no solutions",
    "[89.481, 5.025, -20.298]": [
        3595.2925441394473,
        -4044.934569139448
    ],
    "[16.723, -73.639, -31.506]": [
        1341.3161651065554,
        -109.85116810655576
    ],
    "[-56.829, 93.454, -95.804]": "no solutions",
    "[72.813, -80.205, -4.965]": [
        6151.541292299466,
        -311.5746272994646
    ],
    "[96.221, -85.471, 1.446]": [
        8064.367331146551,
        159.7377598534494
    ],
    "[64.045, 30.675, -86.311]": [
        3879.6605416416146,
        -5844.240916641615
    ],
    "[13.369, -88.357, -4.729]": [
        1190.734404562504,
        -9.489671562504231
    ],
    "[81.723, -78.069, 41.727]": "no solutions",
    "[-93.736, -12.789, 35.952]": [
        -6073.839114467146,
        4875.049410467146
    ],
    "[4.03, -50.804, 2.548]": [
        203.9223149095174,
        0.8178050904826164
    ],
    "[-53.943, 37.663, 47.363]": [
        -1893.8598662383276,
        3925.515075238328
    ],
    "[5.846, 26.654, 76.266]": "no solutions",
    "[-66.968, -43.177, 57.389]": [
        -5841.865198036122,
        2950.3878620361224
    ],
    "[-93.945, 29.373, 9.374]": [
        -1730.8831143484222,
        4490.329599348423
    ],
    "[-48.542, -69.779, 81.724]": [
        -5188.739198110653,
        1801.526980110653
    ],
    "[88.156, -24.85, 38.674]": "no solutions",
    "[-88.731, -95.764, 76.187]": [
        -12691.051649220375,
        4193.816165220374
    ],
    "[-48.758, -82.399, 80.827]": [
        -5669.995898962852,
        1652.385456962852
    ],
    "[82.349, -74.936, -53.247]": [
        9350.846658434955,
        -3179.9419944349543
    ],
    "[-26.658, 14.647, -18.193]": "no solutions",
    "[-9.088, 19.298, -52.308]": "no solutions",
    "[-3.515, 27.069, 57.652]": [
        -21.46976888516466,
        116.61730388516467
    ],
    "[14.064, -35.482, -92.704]": [
        815.3179940562842,
        -316.2991460562842
    ],
    "[16.314, 82.135, 98.391]": [
        -522.7972504959993,
        -817.1531395040008
    ],
    "[86.171, -93.88, -25.233]": [
        9746.311839030246,
        -1656.5783590302467
    ],
    "[33.327, -54.543, -2.395]": [
        1865.2825623798476,
        -47.52800137984771
    ],
    "[-18.421, -41.612, -25.916]": "no solutions",
    "[57.787, 82.658, -8.846]": [
        334.0163193446168,
        -5110.574165344617
    ],
    "[-28.493, 23.732, -65.33]": "no solutions",
    "[10.333, 86.049, -63.958]": [
        73.31483418149568,
        -962.4591511814957
    ],
    "[78.501, 53.991, 10.929]": "no solutions",
    "[-68.332, 44.914, -2.077]": [
        233.72430652525415,
        2835.3391414747457
    ],
    "[-36.817, -32.123, 0.736]": [
        -1212.9540790865324,
        30.281588086532267
    ],
    "[-5.75, 3.255, -97.879]": "no solutions",
    "[-69.44, 27.062, -13.285]": "no solutions",
    "[-31.914, -76.315, -82.483]": "no solutions",
    "[-89.018, -98.045, 21.16]": [
        -10192.237003677596,
        1464.4671936775967
    ],
    "[-26.436, -35.036, -86.748]": "no solutions",
    "[-64.131, 55.614, -32.498]": "no solutions",
    "[-47.563, 20.993, -64.46]": "no solutions",
    "[65.354, -52.25, -25.077]": [
        4856.186946385952,
        -1441.4404463859528
    ],
    "[-8.403, -87.433, -36.868]": [
        -703.6094800184416,
        -31.090018981558483
    ],
    "[-31.199, 48.772, 79.579]": [
        -969.9419406832121,
        2491.579568683212
    ],
    "[0.849, -67.393, 29.217]": [
        56.902441364910246,
        0.31421563508975786
    ],
    "[-49.78, -87.554, 23.808]": [
        -4951.561950776626,
        593.1238307766262
    ],
    "[-26.077, -94.914, 1.013]": [
        -2482.3088437643623,
        7.236465764362122
    ],
    "[20.273, 49.317, -55.875]": [
        345.94539387284607,
        -1345.748934872846
    ],
    "[53.015, 80.801, 98.191]": "no solutions",
    "[93.764, 48.825, 29.523]": "no solutions",
    "[55.994, -39.944, -11.973]": [
        2949.3219149983543,
        -712.6975789983542
    ],
    "[-14.753, -66.516, 11.726]": [
        -1018.2866287083193,
        36.97608070831927
    ],
    "[97.87, 75.301, 2.25]": [
        -298.2799794871109,
        -7071.42889051289
    ],
    "[49.965, -26.13, 24.049]": "no solutions",
    "[-43.539, -98.725, -58.496]": "no solutions",
    "[-56.0, -41.297, 44.36]": [
        -4177.473468894332,
        1864.841468894331
    ],
    "[98.928, -97.56, 75.247]": "no solutions",
    "[34.078, 32.56, -27.753]": [
        631.0095578212216,
        -1740.5892378212218
    ],
    "[89.169, 2.287, 99.854]": "no solutions",